{
  "__comment": "Instructions: https://mods.blakebr0.com/docs/cucumber/tags-config",
  "forge:ingots/aluminum": "immersiveengineering:ingot_aluminum",
  "forge:ingots/constantan": "immersiveengineering:ingot_constantan",
  "forge:ingots/tungsten": "null",
  "forge:ingots/mithril": "null",
  "forge:ingots/tin": "mysticalworld:tin_ingot",
  "forge:ingots/iridium": "null",
  "forge:ingots/zinc": "create:zinc_ingot",
  "forge:ingots/bronze": "null",
  "forge:ingots/copper": "create:copper_ingot",
  "forge:ingots/invar": "null",
  "forge:ingots/chrome": "null",
  "forge:ingots/electrum": "immersiveengineering:ingot_electrum",
  "forge:silicon": "null",
  "forge:ingots/brass": "create:brass_ingot",
  "forge:ingots/silver": "mysticalworld:silver_ingot",
  "forge:dusts/saltpeter": "bloodmagic:saltpeter",
  "forge:ingots/steel": "immersiveengineering:ingot_steel",
  "forge:ingots/titanium": "null",
  "forge:rubber": "null",
  "forge:ingots/platinum": "null",
  "forge:dusts/sulfur": "bloodmagic:sulfur",
  "forge:ingots/lead": "mysticalworld:lead_ingot",
  "forge:ingots/graphite": "null",
  "forge:ingots/uranium": "immersiveengineering:ingot_uranium",
  "forge:ingots/nickel": "immersiveengineering:ingot_nickel"
}